epoch_nb,batch_size,neurons_nb,dropout_value,reg_value,recurrent_reg present,nb_layer,current_loss,current_accuracy,test_loss,test_accuracy
0,30,30,0.7,1e-05,0.2,1,[1.5665298699837689],[0.28804235785846916],1.4844735269632814,0.35429864253393667,45
1,30,30,0.7,1e-05,0.2,1,[1.381304905502188],[0.4154037859198808],1.3366952550896691,0.4244343891402715,45
