epoch_nb,batch_size,neurons_nb,dropout_value,reg_value,recurrent_reg present,nb_layer,current_loss,current_accuracy,test_loss,test_accuracy
0,30,25,0.6,1e-05,0.2,1,[0.21440100610700377],[0.6521906761664834],0.16455615019320394,0.7545304776612773,35
1,30,25,0.6,1e-05,0.2,1,[0.10969061937963812],[0.8582808616135921],0.13415773762804278,0.8226249314218612,35
